{"cameraMode":{"drawMode":0,"name":"Shaded","section":"Shading Mode"},"sceneLighting":false,"audioPlay":false,"sceneViewState":{"showFog":true,"showMaterialUpdate":false,"showSkybox":true,"showFlares":true,"showImageEffects":true,"showParticleSystems":true},"in2DMode":false,"pivot":{"x":-0.29789048433303835,"y":0.7092887163162231,"z":0.1804371178150177},"rotation":{"x":-0.012268529273569584,"y":-0.0877726599574089,"z":0.0010811438551172615,"w":-0.9960644245147705},"size":5.444174766540527,"orthographic":false}